{
	"credit": "Made with Blockbench",
	"ambientocclusion": false,
	"textures": {
		"particle": "items/floppy_of_undying",
		"layer0": "items/floppy_of_undying"
	},
	"elements": [
		{
			"from": [3, -9, 6],
			"to": [8, 4, 10],
			"rotation": {"angle": 0, "axis": "y", "origin": [10, -1, 17]},
			"faces": {
				"north": {"uv": [6.05, 5.6, 9.7, 7.55], "texture": "#layer0"},
				"east": {"uv": [4.8, 13.75, 8.7, 15.45], "texture": "#layer0"},
				"south": {"uv": [5.75, 5.9, 9, 7.3], "texture": "#layer0"},
				"west": {"uv": [5.45, 14, 10.05, 15.55], "texture": "#layer0"},
				"up": {"uv": [3.8, 0.3, 5.65, 2.15], "texture": "#layer0"},
				"down": {"uv": [0, 2.35, 2.05, 3.65], "texture": "#layer0"}
			}
		},
		{
			"from": [2.1, 17, 3],
			"to": [13.1, 28, 13],
			"rotation": {"angle": 0, "axis": "y", "origin": [9.1, 12, 20]},
			"faces": {
				"north": {"uv": [2.45, 2.3, 3.825, 3.55], "texture": "#layer0"},
				"east": {"uv": [6.1, 4.65, 8.45, 7.4], "texture": "#layer0"},
				"south": {"uv": [5.45, 4.35, 7.9, 7.75], "texture": "#layer0"},
				"west": {"uv": [5.35, 4.3, 8.5, 7.7], "texture": "#layer0"},
				"up": {"uv": [5.3, 5.35, 9.55, 7.75], "texture": "#layer0"},
				"down": {"uv": [5.75, 5.4, 10.55, 7.75], "texture": "#layer0"}
			}
		},
		{
			"from": [2, 4, 6],
			"to": [14, 17, 10],
			"rotation": {"angle": 0, "axis": "y", "origin": [9, 12, 17]},
			"faces": {
				"north": {"uv": [4.95, 2.2, 7.1, 3.65], "texture": "#layer0"},
				"east": {"uv": [4.95, 2.2, 7.1, 3.65], "texture": "#layer0"},
				"south": {"uv": [4.95, 2.2, 7.1, 3.65], "texture": "#layer0"},
				"west": {"uv": [4.95, 2.2, 7.1, 3.65], "texture": "#layer0"},
				"up": {"uv": [4.95, 2.2, 7.1, 3.65], "texture": "#layer0"},
				"down": {"uv": [4.95, 2.2, 7.1, 3.65], "texture": "#layer0"}
			}
		},
		{
			"from": [3, -9, 6],
			"to": [8, 4, 10],
			"rotation": {"angle": 0, "axis": "y", "origin": [10, -1, 17]},
			"color": 2,
			"faces": {
				"north": {"uv": [6.05, 5.6, 9.7, 7.55], "texture": "#missing"},
				"east": {"uv": [4.8, 13.75, 8.7, 15.45], "texture": "#missing"},
				"south": {"uv": [5.75, 5.9, 9, 7.3], "texture": "#missing"},
				"west": {"uv": [5.45, 14, 10.05, 15.55], "texture": "#missing"},
				"up": {"uv": [3.8, 0.3, 5.65, 2.15], "texture": "#missing"},
				"down": {"uv": [0, 2.35, 2.05, 3.65], "texture": "#missing"}
			}
		},
		{
			"from": [-3, 4, 6],
			"to": [2, 17, 10],
			"rotation": {"angle": 0, "axis": "y", "origin": [-4, 12, 17]},
			"faces": {
				"north": {"uv": [5.3, 2.65, 7.5, 4.85], "texture": "#layer0"},
				"east": {"uv": [5.3, 2.65, 7.5, 4.85], "texture": "#layer0"},
				"south": {"uv": [5.3, 2.65, 7.5, 4.85], "texture": "#layer0"},
				"west": {"uv": [5.3, 2.65, 7.5, 4.85], "texture": "#layer0"},
				"up": {"uv": [5.3, 2.65, 7.5, 4.85], "texture": "#layer0"},
				"down": {"uv": [5.3, 2.65, 7.5, 4.85], "texture": "#layer0"}
			}
		},
		{
			"from": [14, 4, 6],
			"to": [19, 17, 10],
			"rotation": {"angle": 0, "axis": "y", "origin": [13, 12, 17]},
			"faces": {
				"north": {"uv": [5.7, 5.65, 8.4, 7.55], "texture": "#layer0"},
				"east": {"uv": [5.7, 5.65, 8.4, 7.55], "texture": "#layer0"},
				"south": {"uv": [5.7, 5.65, 8.4, 7.55], "texture": "#layer0"},
				"west": {"uv": [5.7, 5.65, 8.4, 7.55], "texture": "#layer0"},
				"up": {"uv": [5.7, 5.65, 8.4, 7.55], "texture": "#layer0"},
				"down": {"uv": [5.7, 5.65, 8.4, 7.55], "texture": "#layer0"}
			}
		},
		{
			"from": [8, -9, 6],
			"to": [13, 4, 10],
			"rotation": {"angle": 0, "axis": "y", "origin": [15, -1, 17]},
			"faces": {
				"north": {"uv": [6.7, 5, 8.15, 7.6], "texture": "#layer0"},
				"east": {"uv": [6.7, 5, 8.15, 7.6], "texture": "#layer0"},
				"south": {"uv": [6.7, 5, 8.15, 7.6], "texture": "#layer0"},
				"west": {"uv": [6.7, 5, 8.15, 7.6], "texture": "#layer0"},
				"up": {"uv": [6.7, 5, 8.15, 7.6], "texture": "#layer0"},
				"down": {"uv": [6.7, 5, 8.15, 7.6], "texture": "#layer0"}
			}
		}
	],
	"display": {
		"thirdperson_righthand": {
			"rotation": [90, 0, 0],
			"translation": [0, 0.5, 4],
			"scale": [0.19, 0.19, 0.19]
		},
		"thirdperson_lefthand": {
			"rotation": [90, 0, 0],
			"translation": [0, 0.5, 4],
			"scale": [0.19, 0.19, 0.19]
		},
		"firstperson_righthand": {
			"rotation": [-29, 94.75, 11.5],
			"translation": [-0.25, 3, 3],
			"scale": [0.19, 0.19, 0.19]
		},
		"firstperson_lefthand": {
			"rotation": [-29, 94.75, 11.5],
			"translation": [-0.25, 3, 3],
			"scale": [0.19, 0.19, 0.19]
		},
		"ground": {
			"rotation": [0, 0, 31.5],
			"translation": [0, 3, 0],
			"scale": [0.25, 0.25, 0.25]
		},
		"gui": {
			"rotation": [30, 225, 0],
			"translation": [0, -0.75, 0],
			"scale": [0.45, 0.45, 0.45]
		},
		"head": {
			"translation": [0, 1.25, -12]
		},
		"fixed": {
			"translation": [0, -0.75, 0],
			"scale": [0.5, 0.5, 0.5]
		}
	}
}